keyword,page_target,intent,priority,exact_monthly_searches,competition,top_of_page_bid_low,top_of_page_bid_high,notes
"flooring quote Sydney","flooring-quote-sydney.html","quote","high","","","","",""
"flooring installation Sydney","flooring-installation-cost-sydney.html","service","high","","","","",""
"hybrid flooring Sydney","hybrid-flooring-sydney.html","service","high","","","","",""
"laminate flooring Sydney","laminate-flooring-sydney.html","service","high","","","","",""
"engineered timber flooring Sydney","engineered-timber-flooring-sydney.html","service","high","","","","",""
"flooring installation cost Sydney","flooring-installation-cost-sydney.html","cost research","high","","","","",""
"flooring quote review","quote-review.html","utility","high","","","","",""
"flooring quote comparison","quote-review.html","utility","high","","","","",""
"hidden flooring costs","blog/hidden-flooring-costs.html","guide","medium","","","","",""
"why flooring quotes vary","blog/why-flooring-quotes-vary.html","guide","medium","","","","",""
"floor plan flooring quote","floorplan.html","utility","high","","","","",""
"apartment flooring Sydney","apartment-flooring-sydney.html","service","high","","","","",""
"acoustic underlay apartment flooring","blog/apartment-flooring-acoustic-underlay.html","guide","medium","","","","",""
"flooring Edmondson Park","flooring-edmondson-park.html","local service","medium","","","","",""
"flooring Liverpool","flooring-liverpool.html","local service","medium","","","","",""
"flooring Leppington","flooring-leppington.html","local service","medium","","","","",""
"flooring Camden","flooring-camden.html","local service","medium","","","","",""
"flooring Campbelltown","flooring-campbelltown.html","local service","medium","","","","",""
"flooring Parramatta","flooring-parramatta.html","local service","medium","","","","",""
"flooring Bankstown","flooring-bankstown.html","local service","medium","","","","",""
"flooring Auburn","flooring-auburn.html","local service","medium","","","","",""
"flooring Fairfield","flooring-fairfield.html","local service","medium","","","","",""
"flooring Cabramatta","flooring-cabramatta.html","local service","medium","","","","",""
"flooring Blacktown","flooring-blacktown.html","local service","medium","","","","",""
"flooring Strathfield","flooring-strathfield.html","local service","medium","","","","",""
"flooring Burwood","flooring-burwood.html","local service","medium","","","","",""
"flooring Ryde","flooring-ryde.html","local service","medium","","","","",""
"flooring Epping","flooring-epping.html","local service","medium","","","","",""
"flooring Castle Hill","flooring-castle-hill.html","local service","medium","","","","",""
"flooring Baulkham Hills","flooring-baulkham-hills.html","local service","medium","","","","",""
"flooring Marrickville","flooring-marrickville.html","local service","medium","","","","",""
"flooring Miranda","flooring-miranda.html","local service","medium","","","","",""
"flooring Randwick","flooring-randwick.html","local service","medium","","","","",""
"flooring quote Edmondson Park","flooring-edmondson-park.html","local quote","high","","","","",""
"flooring quote Liverpool","flooring-liverpool.html","local quote","high","","","","",""
"flooring quote Leppington","flooring-leppington.html","local quote","high","","","","",""
"flooring quote Camden","flooring-camden.html","local quote","high","","","","",""
"flooring quote Campbelltown","flooring-campbelltown.html","local quote","high","","","","",""
"flooring quote Parramatta","flooring-parramatta.html","local quote","high","","","","",""
"flooring quote Bankstown","flooring-bankstown.html","local quote","high","","","","",""
"flooring quote Auburn","flooring-auburn.html","local quote","high","","","","",""
"flooring quote Fairfield","flooring-fairfield.html","local quote","high","","","","",""
"flooring quote Cabramatta","flooring-cabramatta.html","local quote","high","","","","",""
"flooring quote Blacktown","flooring-blacktown.html","local quote","high","","","","",""
"flooring quote Strathfield","flooring-strathfield.html","local quote","high","","","","",""
"flooring quote Burwood","flooring-burwood.html","local quote","high","","","","",""
"flooring quote Ryde","flooring-ryde.html","local quote","high","","","","",""
"flooring quote Epping","flooring-epping.html","local quote","high","","","","",""
"flooring quote Castle Hill","flooring-castle-hill.html","local quote","high","","","","",""
"flooring quote Baulkham Hills","flooring-baulkham-hills.html","local quote","high","","","","",""
"flooring quote Marrickville","flooring-marrickville.html","local quote","high","","","","",""
"flooring quote Miranda","flooring-miranda.html","local quote","high","","","","",""
"flooring quote Randwick","flooring-randwick.html","local quote","high","","","","",""
